,institute,institute_Latitude,institute_Longitude,Venue,Venue_Latitude,Venue_Longitude,Venue_Category
0,Centennial College,43.7857924,-79.2278095754,Second Cup,43.7851229562,-79.2286620248,Coffee Shop
1,Centennial College,43.7857924,-79.2278095754,Su & Shi Noodle Bar,43.78479,-79.22727,Japanese Restaurant
2,Centennial College,43.7857924,-79.2278095754,Tim Hortons,43.7848087456,-79.2273447288,Coffee Shop
3,Centennial College,43.7857924,-79.2278095754,Centennial's Hot Dog,43.78474,-79.22707,Hot Dog Joint
4,Centennial College,43.7857924,-79.2278095754,Chick Felays,43.785732445,-79.2254023614,Fast Food Restaurant
5,Centennial College,43.7857924,-79.2278095754,Marley Coffee,43.78428,-79.22893,Café
6,Centennial College,43.7857924,-79.2278095754,The Local Cafe Restaurant,43.784542,-79.230576,Bistro
7,Centennial College,43.7857924,-79.2278095754,Swiss Chalet,43.7886009216,-79.2277297974,Restaurant
8,Business College,43.6563944,-79.382596856,JOEY,43.6560936541,-79.3818779236,American Restaurant
9,Business College,43.6563944,-79.382596856,Red Lobster,43.656328,-79.383621,Seafood Restaurant
10,Business College,43.6563944,-79.382596856,GB Hand-Pulled Noodles,43.6564342255,-79.3837827356,Chinese Restaurant
11,Business College,43.6563944,-79.382596856,Uncle Tetsu's Cheesecake (Uncle Tetsu's Japanese Cheesecake),43.6560628725,-79.3836947245,Dessert Shop
12,Business College,43.6563944,-79.382596856,McDonald's,43.6581960967,-79.3818716175,Fast Food Restaurant
13,Business College,43.6563944,-79.382596856,The Queen and Beaver Public House,43.6574722821,-79.3835241233,Gastropub
14,Business College,43.6563944,-79.382596856,Chipotle Mexican Grill,43.6564850176,-79.3809449084,Mexican Restaurant
15,Business College,43.6563944,-79.382596856,Five Guys,43.6571063531,-79.3813060634,Burger Joint
16,Business College,43.6563944,-79.382596856,Denny's,43.6553706487,-79.384432286,Diner
17,Business College,43.6563944,-79.382596856,PABLO Toronto パブロ,43.6556697757,-79.3843033089,Bakery
18,Business College,43.6563944,-79.382596856,Jack Astor's Bar & Grill,43.656543725,-79.3800589442,Restaurant
19,Business College,43.6563944,-79.382596856,H Mart,43.657566198,-79.3815375088,Grocery Store
20,Business College,43.6563944,-79.382596856,DAGU RICE NOODLE Toronto 大鼓米线,43.655632071,-79.3842803383,Noodle House
21,Business College,43.6563944,-79.382596856,Market Garden,43.6583699801,-79.3826293294,Restaurant
22,Business College,43.6563944,-79.382596856,Salad King,43.6575333994,-79.3815851212,Thai Restaurant
23,Business College,43.6563944,-79.382596856,Chatime 日出茶太,43.6555416415,-79.3846842704,Bubble Tea Shop
24,Business College,43.6563944,-79.382596856,Spring Sushi,43.6562525298,-79.3806595447,Sushi Restaurant
25,Business College,43.6563944,-79.382596856,Blaze Pizza,43.656518,-79.380015,Pizza Place
26,Business College,43.6563944,-79.382596856,Starbucks,43.6554857385,-79.3852406955,Coffee Shop
27,Business College,43.6563944,-79.382596856,Urban Eatery,43.6551496995,-79.3808468344,Food Court
28,Business College,43.6563944,-79.382596856,Paramount Fine Foods,43.6550287085,-79.3802451302,Middle Eastern Restaurant
29,Business College,43.6563944,-79.382596856,Tsujiri,43.6553743078,-79.3853543474,Tea Room
30,Business College,43.6563944,-79.382596856,Hailed Coffee,43.6588329698,-79.3836835199,Coffee Shop
31,Business College,43.6563944,-79.382596856,Fran's,43.6542647493,-79.3791200554,Diner
32,Business College,43.6563944,-79.382596856,Starbucks,43.6575716858,-79.3866702158,Coffee Shop
33,Business College,43.6563944,-79.382596856,Scaddabush Italian Kitchen & Bar,43.658920292,-79.3828910538,Italian Restaurant
34,Business College,43.6563944,-79.382596856,Tim Hortons,43.65857,-79.385123411,Coffee Shop
35,Business College,43.6563944,-79.382596856,Labothéry,43.6586923945,-79.3848896136,Bubble Tea Shop
36,Business College,43.6563944,-79.382596856,The Senator Restaurant,43.6556409146,-79.3791988258,Diner
37,Business College,43.6563944,-79.382596856,Starbucks,43.659260439,-79.3819713593,Coffee Shop
38,Business College,43.6563944,-79.382596856,Balzac's Coffee,43.6578544067,-79.3791998116,Café
39,Business College,43.6563944,-79.382596856,Jimmy's Coffee,43.6584212357,-79.3856131955,Coffee Shop
40,Business College,43.6563944,-79.382596856,Eggspectation Bell Trinity Square,43.6531438389,-79.3819801668,Breakfast Spot
41,Business College,43.6563944,-79.382596856,Hokkaido Ramen Santouka らーめん山頭火,43.6564352029,-79.37758638,Ramen Restaurant
42,Business College,43.6563944,-79.382596856,Banh Mi Boys,43.6591875186,-79.3821314997,Sandwich Place
43,Business College,43.6563944,-79.382596856,Sansotei Ramen 三草亭,43.6551574676,-79.3865006748,Ramen Restaurant
44,Business College,43.6563944,-79.382596856,Starbucks,43.6537079657,-79.3797878293,Coffee Shop
45,Business College,43.6563944,-79.382596856,Godiva Chocolatier,43.6525848,-79.3803111,Chocolate Shop
46,Business College,43.6563944,-79.382596856,Richmond Station,43.6515687256,-79.37926594,American Restaurant
47,Business College,43.6563944,-79.382596856,Richtree Natural Market Restaurants,43.6526143617,-79.3802313168,Restaurant
48,Business College,43.6563944,-79.382596856,Nespresso Boutique at The Bay,43.6521942675,-79.3806817737,Coffee Shop
49,Business College,43.6563944,-79.382596856,Starbucks,43.6595874273,-79.3852515871,Coffee Shop
50,Business College,43.6563944,-79.382596856,Leña,43.6517507846,-79.3790207675,Latin American Restaurant
51,Business College,43.6563944,-79.382596856,Kinka Izakaya Original,43.6605963663,-79.3788912075,Japanese Restaurant
52,Business College,43.6563944,-79.382596856,Starbucks,43.6560235757,-79.3887776628,Coffee Shop
53,Business College,43.6563944,-79.382596856,Tim Hortons,43.6554308,-79.3880928,Coffee Shop
54,Business College,43.6563944,-79.382596856,Bannock,43.6521011731,-79.381178284,Restaurant
55,Business College,43.6563944,-79.382596856,Kinton Ramen,43.660631695,-79.378879649,Ramen Restaurant
56,Business College,43.6563944,-79.382596856,Starbucks,43.6599122348,-79.3785750226,Coffee Shop
57,Business College,43.6563944,-79.382596856,Sunset Grill,43.6516616238,-79.3790751303,Breakfast Spot
58,Canadian Forces College,43.7425284,-79.413474346,Tim Hortons,43.7462447066,-79.4091676176,Coffee Shop
59,Canadian Memorial Chiropractic College,43.8023696,-79.3711356,Tim Hortons,43.7989450167,-79.3696439266,Coffee Shop
60,Canadian Memorial Chiropractic College,43.8023696,-79.3711356,Pizza Pizza,43.7990785975,-79.3694488792,Pizza Place
61,Canadian Memorial Chiropractic College,43.8023696,-79.3711356,Baskin Robbins,43.799013,-79.36939,Ice Cream Shop
62,Canadian Memorial Chiropractic College,43.8023696,-79.3711356,Pickle Barrel,43.7995875664,-79.3690934551,Diner
63,Canadian Memorial Chiropractic College,43.8023696,-79.3711356,고려삼계탕 Korean Ginseng Chicken Soup & Bibimbap,43.798390946,-79.369187472,Korean Restaurant
64,Canadian Memorial Chiropractic College,43.8023696,-79.3711356,고려삼계탕,43.7985770687,-79.3690748276,Korean Restaurant
65,Canadian Memorial Chiropractic College,43.8023696,-79.3711356,Subway,43.7990467573,-79.3694377732,Sandwich Place
66,Ewart College,43.6868546,-79.4730085,Portugalia Bar & Grill,43.6863065967,-79.4739067913,Portuguese Restaurant
67,Ewart College,43.6868546,-79.4730085,Pizza Panzo,43.6855836228,-79.4725225607,Fast Food Restaurant
68,Ewart College,43.6868546,-79.4730085,Kokyo Japanese Restaurant,43.682316,-79.47113,Sushi Restaurant
69,Ewart College,43.6868546,-79.4730085,Timothy's World Coffee,43.6900716604,-79.4745988988,Coffee Shop
70,Ewart College,43.6868546,-79.4730085,King's BBQ Chicken,43.6820537254,-79.4714129639,Latin American Restaurant
71,Ewart College,43.6868546,-79.4730085,Donut World,43.682138,-79.472274,Café
72,Ewart College,43.6868546,-79.4730085,Pizza Nova,43.6820315,-79.4712536643,Pizza Place
73,Ewart College,43.6868546,-79.4730085,Rowntree's Bakery,43.68234,-79.46933,Bakery
74,Ewart College,43.6868546,-79.4730085,dave's chicken,43.690175,-79.47429,Fried Chicken Joint
75,Ewart College,43.6868546,-79.4730085,Costa Verde BBQ Chicken,43.6908874512,-79.4718475342,Portuguese Restaurant
76,Ewart College,43.6868546,-79.4730085,241 Pizza,43.6910074,-79.4715162,Pizza Place
77,Ewart College,43.6868546,-79.4730085,The BBQ!,43.6876709813,-79.4684136896,BBQ Joint
78,Ewart College,43.6868546,-79.4730085,New York Fried Chicken,43.6884729831,-79.4809484665,Fast Food Restaurant
79,Ewart College,43.6868546,-79.4730085,Mainsha,43.6841,-79.4725,Caribbean Restaurant
80,Ewart College,43.6868546,-79.4730085,Subway,43.6900011917,-79.4757628441,Sandwich Place
81,Ewart College,43.6868546,-79.4730085,Green Island Chinese Restaurant,43.682164,-79.471603,Chinese Restaurant
82,Ewart College,43.6868546,-79.4730085,Tinnel's,43.690908,-79.47092,Caribbean Restaurant
83,Ewart College,43.6868546,-79.4730085,Oriental City Restaurant,43.6909844952,-79.4719787501,Chinese Restaurant
84,Ewart College,43.6868546,-79.4730085,Dave's Chicken,43.690173,-79.474234,Fried Chicken Joint
85,Ewart College,43.6868546,-79.4730085,El Nahual,43.6907629,-79.4737993,Restaurant
86,Ewart College,43.6868546,-79.4730085,2 Brothers shawarma,43.690118,-79.47515,Turkish Restaurant
87,Ewart College,43.6868546,-79.4730085,Golden Wheat,43.6820076789,-79.4712892778,Bakery
88,George Brown College,43.6440708,-79.365619065,Tim Hortons,43.6439671632,-79.3654508244,Coffee Shop
89,George Brown College,43.6440708,-79.365619065,Bento Sushi,43.6439625,-79.3654755,Sushi Restaurant
90,George Brown College,43.6440708,-79.365619065,La Prep,43.6439961983,-79.3668911322,Restaurant
91,George Brown College,43.6440708,-79.365619065,Waterfront Grill,43.643771,-79.365528,Snack Place
92,George Brown College,43.6440708,-79.365619065,Origin Cafe,43.6437858799,-79.3653463046,Café
93,George Brown College,43.6440708,-79.365619065,Against the Grain Urban Tavern Corus Quay,43.6433685077,-79.3661132594,Bar
94,George Brown College,43.6440708,-79.365619065,Alijandro’s Kitchen,43.6439076583,-79.3672380813,Food Truck
95,George Brown College,43.6440708,-79.365619065,Los Vietnamita,43.644524,-79.364333,Food Truck
96,George Brown College,43.6440708,-79.365619065,The Hub,43.643807,-79.366901,Restaurant
97,George Brown College,43.6440708,-79.365619065,FTFO,43.6444390753,-79.3633664969,Food Truck
98,George Brown College,43.6440708,-79.365619065,Tides,43.6435125,-79.3676062,Restaurant
99,George Brown College,43.6440708,-79.365619065,Tim Hortons,43.6436630056,-79.3680134786,Coffee Shop
100,George Brown College,43.6440708,-79.365619065,Starbucks,43.644116,-79.369304,Coffee Shop
101,George Brown College,43.6440708,-79.365619065,Springrolls,43.648473,-79.366267,Asian Restaurant
102,George Brown College,43.6440708,-79.365619065,Ritz Caribbean Foods,43.6469570634,-79.3699931871,Caribbean Restaurant
103,George Brown College,43.6440708,-79.365619065,Beaver Tail,43.6453093234,-79.3717089002,Food Truck
104,George Brown College,43.6440708,-79.365619065,Pizza Hut,43.6473855238,-79.3707520641,Pizza Place
105,George Brown College,43.6440708,-79.365619065,Loblaws,43.6444617102,-79.3694863372,Grocery Store
106,George Brown College,43.6440708,-79.365619065,Tim Hortons,43.6477612,-79.3704963,Coffee Shop
107,George Brown College,43.6440708,-79.365619065,Bellisimo Pizzeria & Ristorante,43.6486392182,-79.3686301339,Pizza Place
108,Glendon College,43.72824305,-79.3775028867,Tim Hortons,43.7273244142,-79.3795627356,Coffee Shop
109,Glendon College,43.72824305,-79.3775028867,Lunik Co-op,43.7273112706,-79.3778346168,Café
110,Glendon College,43.72824305,-79.3775028867,A Wing,43.7272740667,-79.3799295849,Fast Food Restaurant
111,Glendon College,43.72824305,-79.3775028867,Wakame Sushi,43.7324354778,-79.3800285586,Sushi Restaurant
112,Glendon College,43.72824305,-79.3775028867,Pizza Pizza,43.723344,-79.378573,Pizza Place
113,The Glenn Gould School,43.6984292,-79.3775742,Pizza Hut,43.7007824546,-79.3730836475,Pizza Place
114,Humber College,43.7306585,-79.6068268,Starbucks,43.7292139048,-79.607012064,Coffee Shop
115,Humber College,43.7306585,-79.6068268,Mr. Sub,43.7309362369,-79.6063881527,Sandwich Place
116,Humber College,43.7306585,-79.6068268,Pizza Pizza,43.7310024416,-79.6063826677,Pizza Place
117,Humber College,43.7306585,-79.6068268,Williams Coffee Pub,43.7309773935,-79.6063168483,Café
118,Humber College,43.7306585,-79.6068268,The Humber Room,43.7314666143,-79.6065965807,Restaurant
119,Humber College,43.7306585,-79.6068268,Harveys,43.729313981,-79.608280442,Fast Food Restaurant
120,Humber College,43.7306585,-79.6068268,Booster Juice,43.728996,-79.608215,Smoothie Shop
121,Humber College,43.7306585,-79.6068268,Quesada Burritos & Tacos,43.7289981,-79.6082172,Tex-Mex Restaurant
122,Humber College,43.7306585,-79.6068268,H332 Coffee lab,43.7287858482,-79.6080708504,Coffee Shop
123,Humber College,43.7306585,-79.6068268,Gourmet Express,43.7286880612,-79.6079239267,Deli / Bodega
124,Humber College,43.7306585,-79.6068268,The Humber Room,43.7289555786,-79.6086972888,Restaurant
125,Humber College,43.7306585,-79.6068268,Ackee Tree Jamaican Cuisine,43.7287078182,-79.6086808343,Restaurant
126,Humber College,43.7306585,-79.6068268,Pizza Nova,43.73269402,-79.6054845722,Pizza Place
127,Humber College,43.7306585,-79.6068268,Desi Spice,43.73473,-79.60612,Indian Restaurant
128,Humber College,43.7306585,-79.6068268,Mucho Burrito Fresh Mexican Grill,43.728544,-79.607913,Mexican Restaurant
129,Humber College,43.7306585,-79.6068268,Humber - Hot Dog Cart,43.7290138909,-79.6090812249,Hot Dog Joint
130,Humber College,43.7306585,-79.6068268,Hoya Sushi,43.730912,-79.600207,Sushi Restaurant
131,Humber College,43.7306585,-79.6068268,Burger Boy,43.7310178997,-79.600453238,Burger Joint
132,Humber College,43.7306585,-79.6068268,shahi mahal,43.735392,-79.604339,North Indian Restaurant
133,Humber College,43.7306585,-79.6068268,Humber Cafe,43.7292560681,-79.5999101903,Café
134,Humber College,43.7306585,-79.6068268,Quiznos,43.7339389732,-79.6057738358,Sandwich Place
135,Humber College,43.7306585,-79.6068268,Williams Fresh Cafe,43.7280275739,-79.6061906941,Café
136,Humber College,43.7306585,-79.6068268,Subway,43.735142865,-79.6058660746,Sandwich Place
137,Humber College,43.7306585,-79.6068268,Wok Of Asia,43.7347009966,-79.6054637432,Chinese Restaurant
138,Humber College,43.7306585,-79.6068268,Dairy Queen,43.7302441428,-79.6013912217,Ice Cream Shop
139,Humber College,43.7306585,-79.6068268,Crave Grillhouse,43.7351885364,-79.6053305755,Steakhouse
140,Humber College,43.7306585,-79.6068268,Teriyaki Experience,43.728116,-79.608053,Japanese Restaurant
141,Humber College,43.7306585,-79.6068268,Wraps On The Go,43.7310707364,-79.6000034411,Sandwich Place
142,Humber College,43.7306585,-79.6068268,Java Jazz,43.7282436998,-79.6080244286,Coffee Shop
143,Humber College,43.7306585,-79.6068268,GH Cafe,43.7280839153,-79.606344273,Café
144,Humber College,43.7306585,-79.6068268,Shanghai Chinese Food,43.7311297475,-79.6013912217,Chinese Restaurant
145,Humber College,43.7306585,-79.6068268,Coyote Jacks - Humber,43.728124,-79.608076,Burger Joint
146,Humber College,43.7306585,-79.6068268,Bermuda Trianglez,43.733646701,-79.6063274145,South American Restaurant
147,Humber College,43.7306585,-79.6068268,Warraich,43.7345754167,-79.6055708909,Indian Restaurant
148,Humber College,43.7306585,-79.6068268,Humber College North - Food Empodium,43.728108743,-79.6080721254,Fast Food Restaurant
149,Humber College,43.7306585,-79.6068268,Sankalp - The Taste of India,43.7342478167,-79.6026637924,Indian Restaurant
150,Humber College,43.7306585,-79.6068268,Osmow's,43.734199,-79.606118,Mediterranean Restaurant
151,Humber College,43.7306585,-79.6068268,Burger King,43.7348637906,-79.6044284105,Fast Food Restaurant
152,Humber College,43.7306585,-79.6068268,Wok of Asia,43.734152211,-79.605775912,Chinese Restaurant
153,Humber College,43.7306585,-79.6068268,MR. GREEK Mediterranean Grill,43.7350857725,-79.6052351126,Greek Restaurant
154,Humber College,43.7306585,-79.6068268,Drupati's Doubles & Roti Shop,43.736214,-79.605576,Caribbean Restaurant
155,Humber College,43.7306585,-79.6068268,Harvey's,43.7348909014,-79.6029337998,Fast Food Restaurant
156,Islamic Institute of Toronto,43.8188112,-79.2298428806,Zara's Gourmet Kitchen,43.8172461568,-79.2318736292,Vegetarian / Vegan Restaurant
157,Islamic Institute of Toronto,43.8188112,-79.2298428806,Rajin's Roti Take-Out,43.8148979688,-79.232270152,Caribbean Restaurant
158,Islamic Institute of Toronto,43.8188112,-79.2298428806,Mosambique bistro,43.821965,-79.22635,African Restaurant
159,Islamic Institute of Toronto,43.8188112,-79.2298428806,The Dark Side,43.821133,-79.223901,Pizza Place
160,Keele Campus (York University),43.7743911,-79.5048108539,Booster Juice,43.77333607,-79.50527648,Smoothie Shop
161,Keele Campus (York University),43.7743911,-79.5048108539,The Dirty Bird Chicken + Waffles,43.773793,-79.502984,Fried Chicken Joint
162,Keele Campus (York University),43.7743911,-79.5048108539,Starbucks Central Square,43.772972,-79.50494,Coffee Shop
163,Keele Campus (York University),43.7743911,-79.5048108539,Jimmy the greek,43.77369635,-79.5027814,Greek Restaurant
164,Keele Campus (York University),43.7743911,-79.5048108539,Mac's Sushi,43.7738640858,-79.5027346831,Sushi Restaurant
165,Keele Campus (York University),43.7743911,-79.5048108539,Freshii,43.7737655018,-79.5051947114,Salad Place
166,Keele Campus (York University),43.7743911,-79.5048108539,Central Square Cafeteria,43.7727722334,-79.5046263848,Food Court
167,Keele Campus (York University),43.7743911,-79.5048108539,Thai Express,43.7742785213,-79.5019099023,Thai Restaurant
168,Keele Campus (York University),43.7743911,-79.5048108539,The Underground,43.7737479858,-79.5029672729,Restaurant
169,Keele Campus (York University),43.7743911,-79.5048108539,Garo loves food,43.77329,-79.50606,Argentinian Restaurant
170,Keele Campus (York University),43.7743911,-79.5048108539,Wendy's,43.77391,-79.502963,Fast Food Restaurant
171,Keele Campus (York University),43.7743911,-79.5048108539,کافه نادری,43.7728538513,-79.5040969849,Cafeteria
172,Keele Campus (York University),43.7743911,-79.5048108539,Yogen Früz,43.7737140422,-79.502784104,Frozen Yogurt Shop
173,Keele Campus (York University),43.7743911,-79.5048108539,Blumont Bistro,43.773786498,-79.5028554896,Café
174,Keele Campus (York University),43.7743911,-79.5048108539,Café Supreme,43.7742622867,-79.502103192,Café
175,Keele Campus (York University),43.7743911,-79.5048108539,The Islands Caribbean Restaurant,43.773772,-79.50291,Caribbean Restaurant
176,Keele Campus (York University),43.7743911,-79.5048108539,Pizza Pizza,43.7725549077,-79.5046456037,Pizza Place
177,Keele Campus (York University),43.7743911,-79.5048108539,Zteca,43.7741635668,-79.501898375,Mexican Restaurant
178,Keele Campus (York University),43.7743911,-79.5048108539,Falafel Hut,43.7741125377,-79.501945707,Falafel Restaurant
179,Keele Campus (York University),43.7743911,-79.5048108539,La Prep,43.7741681317,-79.5018887698,Restaurant
180,Keele Campus (York University),43.7743911,-79.5048108539,Popeye's Louisiana Kitchen,43.7741523219,-79.5018463109,Fried Chicken Joint
181,Keele Campus (York University),43.7743911,-79.5048108539,Hero Certified Burgers,43.7742218987,-79.5018063013,Burger Joint
182,Keele Campus (York University),43.7743911,-79.5048108539,Sakura,43.7742238815,-79.5017198155,Japanese Restaurant
183,Keele Campus (York University),43.7743911,-79.5048108539,Indian Flavour,43.7743278413,-79.5014574837,Indian Restaurant
184,Keele Campus (York University),43.7743911,-79.5048108539,Great Canadian Bagel,43.7742846618,-79.501394167,Bagel Shop
185,Keele Campus (York University),43.7743911,-79.5048108539,Second Cup,43.7743540041,-79.5012929972,Coffee Shop
186,Keele Campus (York University),43.7743911,-79.5048108539,Berries and Blooms,43.7742534576,-79.5015747828,Salad Place
187,Keele Campus (York University),43.7743911,-79.5048108539,Shopsy's Sports Grill,43.7740821838,-79.5016098022,American Restaurant
188,Keele Campus (York University),43.7743911,-79.5048108539,Panzerotto Pizza,43.7738044355,-79.5015925047,Pizza Place
189,Keele Campus (York University),43.7743911,-79.5048108539,Tastes,43.7735544049,-79.5015650483,Snack Place
190,Keele Campus (York University),43.7743911,-79.5048108539,Graduate Lounge,43.77190844,-79.50411758,Restaurant
191,Keele Campus (York University),43.7743911,-79.5048108539,Michaelangelo's,43.7709942592,-79.5023063679,Italian Restaurant
192,Keele Campus (York University),43.7743911,-79.5048108539,M2Go By Mandarin,43.770096,-79.50163,Asian Restaurant
193,Keele Campus (York University),43.7743911,-79.5048108539,Ivan the Street Meat Guy,43.77453517,-79.4999945291,Food Truck
194,Keele Campus (York University),43.7743911,-79.5048108539,The Hive (Seneca),43.7719266115,-79.4996870117,Café
195,Keele Campus (York University),43.7743911,-79.5048108539,Tim Hortons (TEL Building),43.773197169,-79.5012922963,Coffee Shop
196,Keele Campus (York University),43.7743911,-79.5048108539,Timothy's World Coffee,43.7727695598,-79.4988028935,Coffee Shop
197,Keele Campus (York University),43.7743911,-79.5048108539,Qoola,43.7731713806,-79.5013453969,Snack Place
198,Keele Campus (York University),43.7743911,-79.5048108539,Mangia Mangia,43.7745342489,-79.5006150522,Indian Restaurant
199,Keele Campus (York University),43.7743911,-79.5048108539,Pizza Pizza,43.7719438011,-79.5010214101,Pizza Place
200,Keele Campus (York University),43.7743911,-79.5048108539,Goodmans LLP Bistro,43.7704321795,-79.5051727471,Snack Place
201,Keele Campus (York University),43.7743911,-79.5048108539,Me Va Me Kitchen Express,43.77039,-79.500261,Middle Eastern Restaurant
202,Keele Campus (York University),43.7743911,-79.5048108539,Freshly Squeezed,43.77455,-79.499825,Juice Bar
203,Keele Campus (York University),43.7743911,-79.5048108539,Grad Cafe,43.77069,-79.508088,Café
204,Keele Campus (York University),43.7743911,-79.5048108539,Winters Dining Hall,43.776531162,-79.5024052101,Cafeteria
205,Keele Campus (York University),43.7743911,-79.5048108539,Michaelangelos Narnia,43.7707260012,-79.5022020344,Café
206,Keele Campus (York University),43.7743911,-79.5048108539,Subway,43.770063,-79.501919,Sandwich Place
207,Keele Campus (York University),43.7743911,-79.5048108539,Basil Box,43.76976,-79.50186,Asian Restaurant
208,Keele Campus (York University),43.7743911,-79.5048108539,Aroma Espresso Bar,43.769918,-79.502217,Coffee Shop
209,Keele Campus (York University),43.7743911,-79.5048108539,Starbucks,43.7725168824,-79.5016057327,Coffee Shop
210,College and Seminary,43.8006057,-79.3852795,Tyndale Student Coffee Co-Op,43.7999239248,-79.3855709168,Coffee Shop
211,College and Seminary,43.8006057,-79.3852795,Second Cup,43.8054805858,-79.3845966685,Coffee Shop
212,College and Seminary,43.8006057,-79.3852795,Myoungdong Chammat Kalguksu,43.80525,-79.384196,Korean Restaurant
213,College and Seminary,43.8006057,-79.3852795,Pizza Pizza,43.805378915,-79.3848445929,Pizza Place
214,College and Seminary,43.8006057,-79.3852795,Helena's,43.805459,-79.385577,Chinese Restaurant
215,College and Seminary,43.8006057,-79.3852795,Subway,43.8052743437,-79.3847934878,Sandwich Place
216,The Michener Institute,43.6556214,-79.3912331634,Jimmy's Coffee,43.6558271032,-79.3920421689,Café
217,The Michener Institute,43.6556214,-79.3912331634,Krispy Kreme Doughnut Cafe,43.6557720505,-79.3919933403,Donut Shop
218,The Michener Institute,43.6556214,-79.3912331634,Tim Hortons,43.6554308,-79.3880928,Coffee Shop
219,The Michener Institute,43.6556214,-79.3912331634,The Library Specialty Coffee,43.654497,-79.389723,Coffee Shop
220,The Michener Institute,43.6556214,-79.3912331634,Charidise,43.6559854759,-79.3932331472,Bubble Tea Shop
221,The Michener Institute,43.6556214,-79.3912331634,Tim Hortons,43.6545070791,-79.3889424205,Coffee Shop
222,The Michener Institute,43.6556214,-79.3912331634,Starbucks,43.6560235757,-79.3887776628,Coffee Shop
223,The Michener Institute,43.6556214,-79.3912331634,AGO Espresso Bar,43.6541461874,-79.3923114726,Café
224,The Michener Institute,43.6556214,-79.3912331634,Art Square Gallery & Cafe,43.6542271444,-79.3925359575,Art Gallery
225,The Michener Institute,43.6556214,-79.3912331634,Kinton Ramen,43.6557936154,-79.3940472391,Ramen Restaurant
226,The Michener Institute,43.6556214,-79.3912331634,Manpuku まんぷく,43.6536124118,-79.3906127645,Japanese Restaurant
227,The Michener Institute,43.6556214,-79.3912331634,Burger King,43.6577720831,-79.39963907,Fast Food Restaurant
228,The Michener Institute,43.6556214,-79.3912331634,Starbucks,43.6575716858,-79.3866702158,Coffee Shop
229,The Michener Institute,43.6556214,-79.3912331634,Starbucks (MaRS),43.6592424238,-79.3907500825,Coffee Shop
230,The Michener Institute,43.6556214,-79.3912331634,Starbucks,43.6585566772,-79.3901955428,Coffee Shop
231,The Michener Institute,43.6556214,-79.3912331634,House of Gourmet 滿庭芳,43.6532732812,-79.3972297343,Chinese Restaurant
232,The Michener Institute,43.6556214,-79.3912331634,Omg! Oh My Gyro!,43.650127,-79.39102,Souvlaki Shop
233,The Michener Institute,43.6556214,-79.3912331634,Red Room,43.6570977126,-79.3998194236,Bar
234,The Michener Institute,43.6556214,-79.3912331634,CoCo Fresh Tea & Juice,43.6557900153,-79.3991200568,Bubble Tea Shop
235,The Michener Institute,43.6556214,-79.3912331634,KAKA All You Can Eat Japanese Restaurant (Downtown),43.6574965294,-79.384047389,Japanese Restaurant
236,The Michener Institute,43.6556214,-79.3912331634,Prenup Pub,43.6588823664,-79.3948280274,Gastropub
237,The Michener Institute,43.6556214,-79.3912331634,Tim Hortons,43.65857,-79.385123411,Coffee Shop
238,The Michener Institute,43.6556214,-79.3912331634,Labothéry,43.6586923945,-79.3848896136,Bubble Tea Shop
239,The Michener Institute,43.6556214,-79.3912331634,Starbucks,43.65748,-79.384502,Coffee Shop
240,The Michener Institute,43.6556214,-79.3912331634,August 8,43.65462,-79.398405,Sushi Restaurant
241,The Michener Institute,43.6556214,-79.3912331634,Sansotei Ramen 三草亭,43.6551574676,-79.3865006748,Ramen Restaurant
242,The Michener Institute,43.6556214,-79.3912331634,Yummy Yummy Dumpling 口口香餃子館,43.6536991835,-79.3962587765,Dumpling Restaurant
243,The Michener Institute,43.6556214,-79.3912331634,Hemispheres Restaurant & Bistro,43.6548841342,-79.3859307737,American Restaurant
244,The Michener Institute,43.6556214,-79.3912331634,Asian Legend 味香村,43.6536027139,-79.3950469395,Chinese Restaurant
245,The Michener Institute,43.6556214,-79.3912331634,One Zo Tapioca,43.6566080624,-79.3994262374,Bubble Tea Shop
246,The Michener Institute,43.6556214,-79.3912331634,Tsujiri,43.6553743078,-79.3853543474,Tea Room
247,The Michener Institute,43.6556214,-79.3912331634,GB Hand-Pulled Noodles,43.6564342255,-79.3837827356,Chinese Restaurant
248,The Michener Institute,43.6556214,-79.3912331634,Second Cup,43.6590183209,-79.3941523127,Coffee Shop
249,The Michener Institute,43.6556214,-79.3912331634,Krispy Kreme,43.6558335792,-79.3994168505,Donut Shop
250,The Michener Institute,43.6556214,-79.3912331634,Starbucks,43.6554857385,-79.3852406955,Coffee Shop
251,The Michener Institute,43.6556214,-79.3912331634,Duke of Somerset,43.6581056222,-79.3845687517,Bar
252,The Michener Institute,43.6556214,-79.3912331634,Tim Hortons,43.6594149,-79.3912214,Coffee Shop
253,The Michener Institute,43.6556214,-79.3912331634,Dim Sum King Seafood Restaurant,43.6534300704,-79.3955394522,Dim Sum Restaurant
254,The Michener Institute,43.6556214,-79.3912331634,The Queen and Beaver Public House,43.6574722821,-79.3835241233,Gastropub
255,The Michener Institute,43.6556214,-79.3912331634,Chatime 日出茶太,43.6555416415,-79.3846842704,Bubble Tea Shop
256,The Michener Institute,43.6556214,-79.3912331634,Coffee Public,43.6607629915,-79.3861840903,Coffee Shop
257,The Michener Institute,43.6556214,-79.3912331634,Kenzo Ramen,43.6555400747,-79.3848659935,Ramen Restaurant
258,The Michener Institute,43.6556214,-79.3912331634,Korean Grill House,43.6502596839,-79.3892499037,Korean Restaurant
259,The Michener Institute,43.6556214,-79.3912331634,Hong Kong Bistro Cafe 新香港餐廳,43.6531876817,-79.3968257263,Hong Kong Restaurant
260,The Michener Institute,43.6556214,-79.3912331634,Rosewood Chinese Cuisine,43.6531712309,-79.3967098244,Chinese Restaurant
261,The Michener Institute,43.6556214,-79.3912331634,Poke Guys,43.6548952753,-79.3850523838,Poke Place
262,The Michener Institute,43.6556214,-79.3912331634,Mercatto,43.6603909119,-79.3876642119,Italian Restaurant
263,The Michener Institute,43.6556214,-79.3912331634,Mother's Dumplings,43.657105018,-79.3995519624,Dumpling Restaurant
264,The Michener Institute,43.6556214,-79.3912331634,Jimmy's Coffee,43.6584212357,-79.3856131955,Coffee Shop
265,The Michener Institute,43.6556214,-79.3912331634,Dark Horse Espresso Bar,43.6505638103,-79.397018106,Coffee Shop
266,OCAD University,43.6497536,-79.388349,JaBistro,43.6496868589,-79.3880900155,Sushi Restaurant
267,OCAD University,43.6497536,-79.388349,HotBlack Coffee,43.650364348,-79.3886690758,Coffee Shop
268,OCAD University,43.6497536,-79.388349,The Rex Hotel Jazz & Blues Bar,43.6505047554,-79.3885772339,Jazz Club
269,OCAD University,43.6497536,-79.388349,Tim Hortons,43.649700942,-79.3872955441,Coffee Shop
270,OCAD University,43.6497536,-79.388349,Starbucks,43.6507176719,-79.3875952565,Coffee Shop
271,OCAD University,43.6497536,-79.388349,Tundra Restaurant,43.6500099876,-79.3856077427,Restaurant
272,OCAD University,43.6497536,-79.388349,Burrito Boyz,43.6484455956,-79.3879951788,Burrito Place
273,OCAD University,43.6497536,-79.388349,The Burger's Priest,43.6484764402,-79.3873725751,Burger Joint
274,OCAD University,43.6497536,-79.388349,Smoke's Poutinerie,43.6483248508,-79.3876463271,Poutine Place
275,OCAD University,43.6497536,-79.388349,Pi Co.,43.648651,-79.385874,Pizza Place
276,OCAD University,43.6497536,-79.388349,Jack Astor's Bar & Grill,43.6485675417,-79.3903374076,American Restaurant
277,OCAD University,43.6497536,-79.388349,Momofuku Noodle Bar,43.6493658716,-79.3862165245,Noodle House
278,OCAD University,43.6497536,-79.388349,Starbucks,43.6494647121,-79.3860424295,Coffee Shop
279,OCAD University,43.6497536,-79.388349,Copacabana Grilled Brazilian,43.6483325948,-79.3881514766,Brazilian Restaurant
280,OCAD University,43.6497536,-79.388349,Pai,43.6479231074,-79.3885793263,Thai Restaurant
281,OCAD University,43.6497536,-79.388349,Town Crier Pub,43.648121,-79.390248,Pub
282,OCAD University,43.6497536,-79.388349,Starbucks,43.6498775731,-79.3910825395,Coffee Shop
283,OCAD University,43.6497536,-79.388349,Byblos Toronto,43.6476150542,-79.3883810317,Mediterranean Restaurant
284,OCAD University,43.6497536,-79.388349,Rosalinda,43.650292,-79.385139,Vegetarian / Vegan Restaurant
285,OCAD University,43.6497536,-79.388349,A&W,43.6460300663,-79.3895772055,Fast Food Restaurant
286,OCAD University,43.6497536,-79.388349,Figo,43.6477246641,-79.3905208555,Italian Restaurant
287,OCAD University,43.6497536,-79.388349,Subway,43.6462953127,-79.3839600591,Sandwich Place
288,OCAD University,43.6497536,-79.388349,Earls Kitchen & Bar,43.647923453,-79.3837894807,Bar
289,OCAD University,43.6497536,-79.388349,Montecito Restaurant,43.6476440141,-79.391068865,Restaurant
290,OCAD University,43.6497536,-79.388349,The Keg Steakhouse & Bar,43.649937253,-79.3841960494,Steakhouse
291,OCAD University,43.6497536,-79.388349,Assembly Chef's Hall,43.6505788651,-79.3834119304,Food Court
292,OCAD University,43.6497536,-79.388349,Pizzeria Libretto,43.6483335469,-79.3851105018,Pizza Place
293,OCAD University,43.6497536,-79.388349,Sweet Jesus,43.6472544799,-79.3901386288,Ice Cream Shop
294,OCAD University,43.6497536,-79.388349,The Black Bull,43.6493493521,-79.3936061637,Bar
295,OCAD University,43.6497536,-79.388349,Ricarda's Restaurant,43.6485558597,-79.39343249,Mediterranean Restaurant
296,OCAD University,43.6497536,-79.388349,Starbucks,43.6473669767,-79.3927193924,Coffee Shop
297,OCAD University,43.6497536,-79.388349,The Library Specialty Coffee,43.654497,-79.389723,Coffee Shop
298,OCAD University,43.6497536,-79.388349,Jack Astor's Bar & Grill,43.645315,-79.383837,American Restaurant
299,OCAD University,43.6497536,-79.388349,General Assembly,43.6473261159,-79.3930429191,Pizza Place
300,OCAD University,43.6497536,-79.388349,Independent City Market,43.648010872,-79.3931301516,Market
301,OCAD University,43.6497536,-79.388349,The Rivoli,43.6491217512,-79.3948683771,Cocktail Bar
302,OCAD University,43.6497536,-79.388349,Tim Hortons,43.6545070791,-79.3889424205,Coffee Shop
303,OCAD University,43.6497536,-79.388349,King Taps,43.6484759742,-79.3820577836,Gastropub
304,OCAD University,43.6497536,-79.388349,Scaddabush,43.6447367777,-79.3853547798,Italian Restaurant
305,OCAD University,43.6497536,-79.388349,Boxcar Social Temperance,43.6505572525,-79.3819563464,Bar
306,OCAD University,43.6497536,-79.388349,Starbucks,43.6491575326,-79.3839101234,Coffee Shop
307,OCAD University,43.6497536,-79.388349,Khao San Road,43.6463014894,-79.393811315,Thai Restaurant
308,OCAD University,43.6497536,-79.388349,French Made,43.6454778376,-79.3920516925,Café
309,OCAD University,43.6497536,-79.388349,Moxie's Classic Grill,43.6464082519,-79.3844592131,American Restaurant
310,OCAD University,43.6497536,-79.388349,Starbucks,43.6461039411,-79.3918260432,Coffee Shop
311,OCAD University,43.6497536,-79.388349,McDonald's,43.6469885101,-79.3824718589,Fast Food Restaurant
312,OCAD University,43.6497536,-79.388349,Chipotle Mexican Grill,43.6452780382,-79.3833057173,Mexican Restaurant
313,OCAD University,43.6497536,-79.388349,Milagro Cantina Mexicana,43.645097,-79.389337,Mexican Restaurant
314,OCAD University,43.6497536,-79.388349,Starbucks,43.6453537128,-79.3890608314,Coffee Shop
315,OCAD University,43.6497536,-79.388349,Starbucks,43.6451018114,-79.3836097223,Coffee Shop
316,Oxford College,43.77613095,-79.2584434953,Chipotle Mexican Grill,43.77641,-79.258069,Mexican Restaurant
317,Oxford College,43.77613095,-79.2584434953,Biryani,43.775952,-79.257898,Indian Restaurant
318,Oxford College,43.77613095,-79.2584434953,Love Me Sweet - Scarborough Town Center,43.7761500689,-79.2581999302,Dessert Shop
319,Oxford College,43.77613095,-79.2584434953,Starbucks,43.7760716394,-79.2588302652,Coffee Shop
320,Oxford College,43.77613095,-79.2584434953,Cinnabon,43.776577,-79.258385,Dessert Shop
321,Oxford College,43.77613095,-79.2584434953,Starbucks (Upper Level),43.776375,-79.25754,Coffee Shop
322,Oxford College,43.77613095,-79.2584434953,Timothy's World Coffee,43.7767132081,-79.2583816527,Coffee Shop
323,Oxford College,43.77613095,-79.2584434953,Tim Hortons,43.7758815147,-79.2580211163,Coffee Shop
324,Oxford College,43.77613095,-79.2584434953,DAVIDsTEA,43.7766132652,-79.2585156094,Tea Room
325,Oxford College,43.77613095,-79.2584434953,Ten Ren's Tea Time,43.7767457481,-79.2583767868,Tea Room
326,Oxford College,43.77613095,-79.2584434953,Wasabi Grill and Noodle,43.775948,-79.25642,Ramen Restaurant
327,Oxford College,43.77613095,-79.2584434953,A&W Canada,43.775161,-79.257435,Fast Food Restaurant
328,Oxford College,43.77613095,-79.2584434953,Su&Shi Noodle Bar,43.774971,-79.257084,Sushi Restaurant
329,Oxford College,43.77613095,-79.2584434953,Yogen Früz,43.775174,-79.257232,Frozen Yogurt Shop
330,Oxford College,43.77613095,-79.2584434953,Jimmy The Greek,43.7751437616,-79.2571100697,Greek Restaurant
331,Oxford College,43.77613095,-79.2584434953,Villa Madina,43.7751099969,-79.2570825408,Restaurant
332,Oxford College,43.77613095,-79.2584434953,Assamiea,43.7768161297,-79.258294,Tea Room
333,Oxford College,43.77613095,-79.2584434953,Taco Bell,43.775130512,-79.2571328066,Taco Place
334,Oxford College,43.77613095,-79.2584434953,New York Fries,43.7750538469,-79.2571664597,Fast Food Restaurant
335,Oxford College,43.77613095,-79.2584434953,Kernels,43.7750365026,-79.2571827461,Snack Place
336,Oxford College,43.77613095,-79.2584434953,Caribbean Queen,43.7752756926,-79.2570880466,Caribbean Restaurant
337,Oxford College,43.77613095,-79.2584434953,Taste Mrkt,43.775046,-79.257953,Food Court
338,Oxford College,43.77613095,-79.2584434953,McDonald's,43.775093088,-79.2572092904,Fast Food Restaurant
339,Oxford College,43.77613095,-79.2584434953,Moxie's Classic Grill,43.7762185272,-79.2568196547,American Restaurant
340,Oxford College,43.77613095,-79.2584434953,Kwan Dim Sum Express,43.775047,-79.257231,Dim Sum Restaurant
341,Oxford College,43.77613095,-79.2584434953,Hakka 6Ix,43.775058,-79.257141,Hakka Restaurant
342,Oxford College,43.77613095,-79.2584434953,NYF,43.7772330692,-79.2588631622,Restaurant
343,Oxford College,43.77613095,-79.2584434953,Nasir's Hot Dog Stand,43.7753134129,-79.2575835667,Hot Dog Joint
344,Oxford College,43.77613095,-79.2584434953,Cultures (Scarborough Centre),43.775301,-79.25728484,Food Court
345,Oxford College,43.77613095,-79.2584434953,Sushi time,43.7762044562,-79.259873937,Japanese Restaurant
346,Oxford College,43.77613095,-79.2584434953,Michel's Baguette French Bakery Cafe,43.7751391581,-79.2571047033,Bakery
347,Oxford College,43.77613095,-79.2584434953,Freshly Squeezed,43.7751141266,-79.2572071455,Juice Bar
348,Oxford College,43.77613095,-79.2584434953,Scarborough Town Centre Food Court,43.7750576544,-79.257133038,Food Court
349,Oxford College,43.77613095,-79.2584434953,Baton Rouge,43.7792607454,-79.2571270459,American Restaurant
350,Oxford College,43.77613095,-79.2584434953,Boston Pizza,43.7757291634,-79.2626970645,Pizza Place
351,Oxford College,43.77613095,-79.2584434953,Canyon Creek Chophouse,43.7769592368,-79.261693573,Steakhouse
352,Oxford College,43.77613095,-79.2584434953,Swiss Chalet Rotisserie & Grill,43.7786336909,-79.2569257805,Restaurant
353,Oxford College,43.77613095,-79.2584434953,Milestones Grill + Bar,43.7779385403,-79.2552860902,American Restaurant
354,Oxford College,43.77613095,-79.2584434953,Skallywags,43.7735870177,-79.2589214581,Restaurant
355,Oxford College,43.77613095,-79.2584434953,Grease Trap,43.7779388428,-79.261756897,Diner
356,Oxford College,43.77613095,-79.2584434953,Swiss Chalet Rotisserie & Grill,43.778627172,-79.2570382506,Restaurant
357,Oxford College,43.77613095,-79.2584434953,Gong Cha,43.773617,-79.255983,Bubble Tea Shop
358,Oxford College,43.77613095,-79.2584434953,Scaddabush Scarborough,43.7774599042,-79.2543577682,Italian Restaurant
359,Oxford College,43.77613095,-79.2584434953,St. Louis Bar and Grill,43.774221254,-79.253893083,Wings Joint
360,Oxford College,43.77613095,-79.2584434953,Mr Souvlaki,43.776873,-79.25199,Greek Restaurant
361,Oxford College,43.77613095,-79.2584434953,Jack Astor's Bar & Grill,43.7775022959,-79.2545536457,Restaurant
362,Oxford College,43.77613095,-79.2584434953,Piazza Manna,43.7769226141,-79.2518091806,Italian Restaurant
363,Oxford College,43.77613095,-79.2584434953,Pumpernickel's,43.7768824489,-79.251732803,Deli / Bodega
364,Oxford College,43.77613095,-79.2584434953,Real Canadian Superstore,43.7780452733,-79.2625442977,Supermarket
365,Oxford College,43.77613095,-79.2584434953,Timothy's Coffee,43.7768554094,-79.2518855895,Coffee Shop
366,Ryerson University,43.65815275,-79.3790801045,Balzac's Coffee,43.6578544067,-79.3791998116,Café
367,Ryerson University,43.65815275,-79.3790801045,McDonald's,43.6581960967,-79.3818716175,Fast Food Restaurant
368,Ryerson University,43.65815275,-79.3790801045,Jack Astor's Bar & Grill,43.656543725,-79.3800589442,Restaurant
369,Ryerson University,43.65815275,-79.3790801045,H Mart,43.657566198,-79.3815375088,Grocery Store
370,Ryerson University,43.65815275,-79.3790801045,Hokkaido Ramen Santouka らーめん山頭火,43.6564352029,-79.37758638,Ramen Restaurant
371,Ryerson University,43.65815275,-79.3790801045,Tim Hortons,43.656755,-79.380512,Coffee Shop
372,Ryerson University,43.65815275,-79.3790801045,Blaze Pizza,43.656518,-79.380015,Pizza Place
373,Ryerson University,43.65815275,-79.3790801045,Starbucks,43.6599122348,-79.3785750226,Coffee Shop
374,Ryerson University,43.65815275,-79.3790801045,Five Guys,43.6571063531,-79.3813060634,Burger Joint
375,Ryerson University,43.65815275,-79.3790801045,Salad King,43.6575333994,-79.3815851212,Thai Restaurant
376,Ryerson University,43.65815275,-79.3790801045,Chipotle Mexican Grill,43.6564850176,-79.3809449084,Mexican Restaurant
377,Ryerson University,43.65815275,-79.3790801045,Tacos 101,43.6566361329,-79.3769679623,Taco Place
378,Ryerson University,43.65815275,-79.3790801045,Page One Cafe,43.6577716111,-79.3760725692,Café
379,Ryerson University,43.65815275,-79.3790801045,Spring Sushi,43.6562525298,-79.3806595447,Sushi Restaurant
380,Ryerson University,43.65815275,-79.3790801045,Barberian's Steak House,43.6577551293,-79.3821774138,Steakhouse
381,Ryerson University,43.65815275,-79.3790801045,Market Garden,43.6583699801,-79.3826293294,Restaurant
382,Ryerson University,43.65815275,-79.3790801045,Kinka Izakaya Original,43.6605963663,-79.3788912075,Japanese Restaurant
383,Ryerson University,43.65815275,-79.3790801045,Fran's,43.6542647493,-79.3791200554,Diner
384,Ryerson University,43.65815275,-79.3790801045,JOEY,43.6560936541,-79.3818779236,American Restaurant
385,Ryerson University,43.65815275,-79.3790801045,Kinton Ramen,43.660631695,-79.378879649,Ramen Restaurant
386,Ryerson University,43.65815275,-79.3790801045,Scaddabush Italian Kitchen & Bar,43.658920292,-79.3828910538,Italian Restaurant
387,Ryerson University,43.65815275,-79.3790801045,Starbucks,43.659260439,-79.3819713593,Coffee Shop
388,Ryerson University,43.65815275,-79.3790801045,Hailed Coffee,43.6588329698,-79.3836835199,Coffee Shop
389,Ryerson University,43.65815275,-79.3790801045,Banh Mi Boys,43.6591875186,-79.3821314997,Sandwich Place
390,Ryerson University,43.65815275,-79.3790801045,The Senator Restaurant,43.6556409146,-79.3791988258,Diner
391,Ryerson University,43.65815275,-79.3790801045,Denny's,43.6553706487,-79.384432286,Diner
392,Ryerson University,43.65815275,-79.3790801045,The Queen and Beaver Public House,43.6574722821,-79.3835241233,Gastropub
393,Ryerson University,43.65815275,-79.3790801045,Tim Hortons,43.65857,-79.385123411,Coffee Shop
394,Ryerson University,43.65815275,-79.3790801045,Labothéry,43.6586923945,-79.3848896136,Bubble Tea Shop
395,Ryerson University,43.65815275,-79.3790801045,Paramount Fine Foods,43.6550287085,-79.3802451302,Middle Eastern Restaurant
396,Ryerson University,43.65815275,-79.3790801045,Tim Hortons,43.6621865907,-79.3767826259,Coffee Shop
397,Ryerson University,43.65815275,-79.3790801045,Starbucks,43.66135384,-79.3831937443,Coffee Shop
398,Ryerson University,43.65815275,-79.3790801045,GB Hand-Pulled Noodles,43.6564342255,-79.3837827356,Chinese Restaurant
399,Ryerson University,43.65815275,-79.3790801045,Cora Breakfast & Lunch,43.6613936962,-79.3813195969,Breakfast Spot
400,Ryerson University,43.65815275,-79.3790801045,陣 JINYA RAMEN BAR,43.6618911822,-79.3792234467,Ramen Restaurant
401,Ryerson University,43.65815275,-79.3790801045,Smoke's Poutinerie,43.6573793524,-79.3734545954,Poutine Place
402,Ryerson University,43.65815275,-79.3790801045,PABLO Toronto パブロ,43.6556697757,-79.3843033089,Bakery
403,Ryerson University,43.65815275,-79.3790801045,Urban Eatery,43.6551496995,-79.3808468344,Food Court
404,Ryerson University,43.65815275,-79.3790801045,Golden Diner,43.662341679,-79.3774337614,Diner
405,Ryerson University,43.65815275,-79.3790801045,Red Lobster,43.656328,-79.383621,Seafood Restaurant
406,Ryerson University,43.65815275,-79.3790801045,DAGU RICE NOODLE Toronto 大鼓米线,43.655632071,-79.3842803383,Noodle House
407,Ryerson University,43.65815275,-79.3790801045,Uncle Tetsu's Cheesecake (Uncle Tetsu's Japanese Cheesecake),43.6560628725,-79.3836947245,Dessert Shop
408,Ryerson University,43.65815275,-79.3790801045,Hair Of The Dog,43.6628277986,-79.3796697597,Gastropub
409,Ryerson University,43.65815275,-79.3790801045,McDonald's,43.6561766834,-79.3833997355,Fast Food Restaurant
410,Ryerson University,43.65815275,-79.3790801045,Starbucks,43.6595874273,-79.3852515871,Coffee Shop
411,Ryerson University,43.65815275,-79.3790801045,Starbucks,43.654841016,-79.3758146436,Coffee Shop
412,Ryerson University,43.65815275,-79.3790801045,W Burger Bar,43.6613310084,-79.3835570768,Burger Joint
413,Ryerson University,43.65815275,-79.3790801045,The Carbon Bar,43.6533670869,-79.3749651517,Restaurant
414,Ryerson University,43.65815275,-79.3790801045,Starbucks,43.6537079657,-79.3797878293,Coffee Shop
415,Ryerson University,43.65815275,-79.3790801045,Jimmy's Coffee,43.6584212357,-79.3856131955,Coffee Shop
416,Seneca College,43.7182791,-79.5098872333,Guanaquita,43.7194671631,-79.5116653442,Restaurant
417,Seneca College,43.7182791,-79.5098872333,Phở Tiến Phat 進發,43.7194023132,-79.5082244873,Vietnamese Restaurant
418,Seneca College,43.7182791,-79.5098872333,Mi Pho Song Vu,43.7186434355,-79.50765266,Vietnamese Restaurant
419,Seneca College,43.7182791,-79.5098872333,Pho Con Bò,43.7193655906,-79.511959269,Vietnamese Restaurant
420,Seneca College,43.7182791,-79.5098872333,Soup Man,43.718384,-79.509078,Food Truck
421,Seneca College,43.7182791,-79.5098872333,Carlo's No Frills,43.7201903742,-79.5097504697,Grocery Store
422,Seneca College,43.7182791,-79.5098872333,Golden Star Restaurant,43.7197533992,-79.5081927813,Chinese Restaurant
423,Seneca College,43.7182791,-79.5098872333,Nguyen Huong Vietnamese Sandwiches,43.719722122,-79.5118057092,Vietnamese Restaurant
424,Seneca College,43.7182791,-79.5098872333,Burger King,43.7199973243,-79.5116883516,Fast Food Restaurant
425,Seneca College,43.7182791,-79.5098872333,Tung Hing Bakery,43.7197220563,-79.5129489899,Bakery
426,Seneca College,43.7182791,-79.5098872333,Pizza Pizza,43.7202183131,-79.5126914978,Pizza Place
427,Seneca College,43.7182791,-79.5098872333,Wild Wing,43.720198457,-79.5120300773,Wings Joint
428,Seneca College,43.7182791,-79.5098872333,Willie's Jerk,43.7213890472,-79.5097961043,Caribbean Restaurant
429,Seneca College,43.7182791,-79.5098872333,7-Eleven,43.7204200594,-79.5137364697,Convenience Store
430,Seneca College,43.7182791,-79.5098872333,KFC,43.721213802,-79.5123547739,Fast Food Restaurant
431,Seneca College,43.7182791,-79.5098872333,McDonald's,43.7156291212,-79.5077527902,Fast Food Restaurant
432,Seneca College,43.7182791,-79.5098872333,Petite Marche Cafe,43.7181186532,-79.5043655575,Café
433,Seneca College,43.7182791,-79.5098872333,Cao Van Resto,43.7242232646,-79.5094227302,Vietnamese Restaurant
434,Seneca College,43.7182791,-79.5098872333,Sunrise Caribbean Restaurant,43.7156017047,-79.5068584876,Caribbean Restaurant
435,Seneca College,43.7182791,-79.5098872333,Grill Master,43.721151,-79.512401,Breakfast Spot
436,Seneca College,43.7182791,-79.5098872333,Country Style,43.718968612,-79.5154159498,Coffee Shop
437,Seneca College,43.7182791,-79.5098872333,Pizza Depot,43.7177959886,-79.5037615333,Pizza Place
438,Seneca College,43.7182791,-79.5098872333,Subway,43.7211054245,-79.5100816246,Sandwich Place
439,Seneca College,43.7182791,-79.5098872333,koshi japan,43.72123,-79.511912,Japanese Restaurant
440,Seneca College,43.7182791,-79.5098872333,Planet Nollywood Restaurant & Bar,43.71455,-79.50544,Caribbean Restaurant
441,Seneca College,43.7182791,-79.5098872333,Pad Tai Express,43.7212997786,-79.5122943769,Thai Restaurant
442,Seneca College,43.7182791,-79.5098872333,Cao Van,43.724114,-79.50895,Vietnamese Restaurant
443,Seneca College,43.7182791,-79.5098872333,Tim Hortons,43.7211374,-79.5117063,Coffee Shop
444,Seneca College,43.7182791,-79.5098872333,Popeyes Louisiana Kitchen,43.722695552,-79.5105336966,Fried Chicken Joint
445,Seneca College,43.7182791,-79.5098872333,KFC,43.714453008,-79.5067431773,Fast Food Restaurant
446,Seneca College,43.7182791,-79.5098872333,Pizza Nova,43.72306,-79.509217,Pizza Place
447,Seneca College,43.7182791,-79.5098872333,Tim Hortons,43.7228022711,-79.5094889402,Coffee Shop
448,University of Toronto,43.66333345,-79.3976997499,Sid's Southside Cafe,43.6620164851,-79.3985064951,College Cafeteria
449,University of Toronto,43.66333345,-79.3976997499,Starbucks,43.6649420379,-79.400099655,Coffee Shop
450,University of Toronto,43.66333345,-79.3976997499,Second Cup,43.6653557691,-79.3987491795,Coffee Shop
451,University of Toronto,43.66333345,-79.3976997499,Cora Pizza,43.663406158,-79.4023188034,Pizza Place
452,University of Toronto,43.66333345,-79.3976997499,The Green Beet Cafe,43.6619963272,-79.3941807078,Vegetarian / Vegan Restaurant
453,University of Toronto,43.66333345,-79.3976997499,Pink Food Truck,43.66017,-79.396935,Food Truck
454,University of Toronto,43.66333345,-79.3976997499,Goodmans Llp Cafe,43.665644,-79.394394,Café
455,University of Toronto,43.66333345,-79.3976997499,The Dessert Kitchen,43.662732,-79.402771,Dessert Shop
456,University of Toronto,43.66333345,-79.3976997499,Subway,43.6633416512,-79.4023302315,Sandwich Place
457,University of Toronto,43.66333345,-79.3976997499,McDonald's,43.6684560992,-79.3951670906,Fast Food Restaurant
458,University of Toronto,43.66333345,-79.3976997499,Cafe On Harbord,43.662903,-79.403564,Café
459,University of Toronto,43.66333345,-79.3976997499,Cafe Cancan,43.6627354866,-79.4034473856,French Restaurant
460,University of Toronto,43.66333345,-79.3976997499,Piano Piano,43.6629487298,-79.4028980412,Italian Restaurant
461,University of Toronto,43.66333345,-79.3976997499,Yasu,43.6628371965,-79.4032173997,Japanese Restaurant
462,University of Toronto,43.66333345,-79.3976997499,Almond Butterfly,43.6628355407,-79.4033649473,Bakery
463,University of Toronto,43.66333345,-79.3976997499,FLOCK Rotisserie + Greens,43.662637168,-79.403798172,Comfort Food Restaurant
464,University of Toronto,43.66333345,-79.3976997499,Smoke's Poutinerie/Weinerie,43.6582588858,-79.4001363522,Poutine Place
465,University of Toronto,43.66333345,-79.3976997499,Super Jet International Coffee Shop,43.657971,-79.399795,Coffee Shop
466,University of Toronto,43.66333345,-79.3976997499,Gyubee,43.66708825,-79.4005710247,Japanese Restaurant
467,University of Toronto,43.66333345,-79.3976997499,The Saj,43.6587873722,-79.3952083467,Mediterranean Restaurant
468,University of Toronto,43.66333345,-79.3976997499,Second Cup,43.6592158844,-79.3969639374,Coffee Shop
469,University of Toronto,43.66333345,-79.3976997499,Akai Sushi,43.6624697119,-79.4049457273,Sushi Restaurant
470,University of Toronto,43.66333345,-79.3976997499,Gabby's,43.6685099253,-79.3951406003,American Restaurant
471,University of Toronto,43.66333345,-79.3976997499,CUBE,43.6591724478,-79.3976475601,Café
472,University of Toronto,43.66333345,-79.3976997499,Signatures Restaurant,43.668501812,-79.3964622231,Restaurant
473,University of Toronto,43.66333345,-79.3976997499,The Clubhouse,43.6582455667,-79.3998938799,Sandwich Place
474,University of Toronto,43.66333345,-79.3976997499,Fieramosca Cafe,43.6693855023,-79.3973158984,Italian Restaurant
475,University of Toronto,43.66333345,-79.3976997499,Daddyo's,43.6646221532,-79.4026848842,Italian Restaurant
476,University of Toronto,43.66333345,-79.3976997499,Booster Juice,43.658016,-79.3993,Smoothie Shop
477,University of Toronto,43.66333345,-79.3976997499,Fat Bastard Burrito,43.658899631,-79.3945296683,Burrito Place
478,University of Toronto,43.66333345,-79.3976997499,Magic Noodle,43.6627276603,-79.4036022699,Noodle House
479,University of Toronto,43.66333345,-79.3976997499,Harbord Bakery & Calandria,43.662519096,-79.4044427057,Bakery
480,University of Toronto,43.66333345,-79.3976997499,Top Sushi,43.6589212771,-79.3944705987,Sushi Restaurant
481,University of Toronto,43.66333345,-79.3976997499,Opus Restaurant,43.6691776766,-79.3972411873,American Restaurant
482,University of Toronto,43.66333345,-79.3976997499,Potbelly Sandwich Shop,43.6685967943,-79.3949001962,Sandwich Place
483,University of Toronto,43.66333345,-79.3976997499,Museum Tavern,43.6683898563,-79.3957298399,Restaurant
484,University of Toronto,43.66333345,-79.3976997499,McCafé,43.657902,-79.399015,Café
485,University of Toronto,43.66333345,-79.3976997499,Druxy's ROM Cafe,43.6677408273,-79.395469022,Deli / Bodega
486,University of Toronto,43.66333345,-79.3976997499,Prenup Pub,43.6588823664,-79.3948280274,Gastropub
487,University of Toronto,43.66333345,-79.3976997499,B Espresso Bar,43.6681433723,-79.396086912,Coffee Shop
488,University of Toronto,43.66333345,-79.3976997499,Tim Hortons,43.6681762188,-79.397687763,Coffee Shop
489,University of Toronto,43.66333345,-79.3976997499,Rasa,43.6627567513,-79.4039880319,Restaurant
490,University of Toronto,43.66333345,-79.3976997499,Duke of York,43.6691862294,-79.3975265369,Pub
491,University of Toronto,43.66333345,-79.3976997499,Her Father's Cider Bar + Kitchen,43.6624482489,-79.4047032468,Beer Bar
492,University of Toronto,43.66333345,-79.3976997499,Harvest Kitchen,43.6627137707,-79.4043300126,Restaurant
493,University of Toronto,43.66333345,-79.3976997499,Over Easy,43.6683285282,-79.3957536372,Breakfast Spot
494,University of Toronto,43.66333345,-79.3976997499,Chatime 日出茶太,43.6673383211,-79.4006839362,Bubble Tea Shop
495,University of Toronto,43.66333345,-79.3976997499,Tim Hortons,43.6582106377,-79.3996685743,Coffee Shop
496,University of Toronto,43.66333345,-79.3976997499,Starbucks,43.6683885131,-79.3975206247,Coffee Shop
497,University of Toronto,43.66333345,-79.3976997499,L'Espresso Bar Mercurio,43.6676077864,-79.3992010764,Café
498,Tyndale University College and Seminary,43.8006057,-79.3852795,Tyndale Student Coffee Co-Op,43.7999239248,-79.3855709168,Coffee Shop
499,Tyndale University College and Seminary,43.8006057,-79.3852795,Second Cup,43.8054805858,-79.3845966685,Coffee Shop
500,Tyndale University College and Seminary,43.8006057,-79.3852795,Myoungdong Chammat Kalguksu,43.80525,-79.384196,Korean Restaurant
501,Tyndale University College and Seminary,43.8006057,-79.3852795,Helena's,43.805459,-79.385577,Chinese Restaurant
502,Tyndale University College and Seminary,43.8006057,-79.3852795,Pizza Pizza,43.805378915,-79.3848445929,Pizza Place
503,Tyndale University College and Seminary,43.8006057,-79.3852795,Subway,43.8052743437,-79.3847934878,Sandwich Place
504,University of Guelph-Humber,43.72777295,-79.6060907954,Williams Fresh Cafe,43.7280275739,-79.6061906941,Café
505,University of Guelph-Humber,43.72777295,-79.6060907954,GH Cafe,43.7280839153,-79.606344273,Café
506,University of Guelph-Humber,43.72777295,-79.6060907954,Starbucks,43.7292139048,-79.607012064,Coffee Shop
507,University of Guelph-Humber,43.72777295,-79.6060907954,Coyote Jacks - Humber,43.728124,-79.608076,Burger Joint
508,University of Guelph-Humber,43.72777295,-79.6060907954,Humber College North - Food Empodium,43.728108743,-79.6080721254,Fast Food Restaurant
509,University of Guelph-Humber,43.72777295,-79.6060907954,Java Jazz,43.7282436998,-79.6080244286,Coffee Shop
510,University of Guelph-Humber,43.72777295,-79.6060907954,Teriyaki Experience,43.728116,-79.608053,Japanese Restaurant
511,University of Guelph-Humber,43.72777295,-79.6060907954,Mucho Burrito Fresh Mexican Grill,43.728544,-79.607913,Mexican Restaurant
512,University of Guelph-Humber,43.72777295,-79.6060907954,Quesada Burritos & Tacos,43.7289981,-79.6082172,Tex-Mex Restaurant
513,University of Guelph-Humber,43.72777295,-79.6060907954,Booster Juice,43.728996,-79.608215,Smoothie Shop
514,University of Guelph-Humber,43.72777295,-79.6060907954,Gourmet Express,43.7286880612,-79.6079239267,Deli / Bodega
515,University of Guelph-Humber,43.72777295,-79.6060907954,H332 Coffee lab,43.7287858482,-79.6080708504,Coffee Shop
516,University of Guelph-Humber,43.72777295,-79.6060907954,Ackee Tree Jamaican Cuisine,43.7287078182,-79.6086808343,Restaurant
517,University of Guelph-Humber,43.72777295,-79.6060907954,Harveys,43.729313981,-79.608280442,Fast Food Restaurant
518,University of Guelph-Humber,43.72777295,-79.6060907954,The Humber Room,43.7289555786,-79.6086972888,Restaurant
519,University of Guelph-Humber,43.72777295,-79.6060907954,Street Meat Humber,43.7256471904,-79.606985886,Burger Joint
520,University of Guelph-Humber,43.72777295,-79.6060907954,Humber - Hot Dog Cart,43.7290138909,-79.6090812249,Hot Dog Joint
521,University of Guelph-Humber,43.72777295,-79.6060907954,Hoya Sushi,43.730912,-79.600207,Sushi Restaurant
522,University of Guelph-Humber,43.72777295,-79.6060907954,Williams Coffee Pub,43.7309773935,-79.6063168483,Café
523,University of Guelph-Humber,43.72777295,-79.6060907954,Pizza Pizza,43.7310024416,-79.6063826677,Pizza Place
524,University of Guelph-Humber,43.72777295,-79.6060907954,Pizza Nova,43.73269402,-79.6054845722,Pizza Place
525,University of Guelph-Humber,43.72777295,-79.6060907954,Dairy Queen,43.7302441428,-79.6013912217,Ice Cream Shop
526,University of Guelph-Humber,43.72777295,-79.6060907954,Mr. Sub,43.7309362369,-79.6063881527,Sandwich Place
527,University of Guelph-Humber,43.72777295,-79.6060907954,Bermuda Trianglez,43.733646701,-79.6063274145,South American Restaurant
528,University of Guelph-Humber,43.72777295,-79.6060907954,Humber Cafe,43.7292560681,-79.5999101903,Café
529,University of Guelph-Humber,43.72777295,-79.6060907954,The Humber Room,43.7314666143,-79.6065965807,Restaurant
530,University of Guelph-Humber,43.72777295,-79.6060907954,Burger Boy,43.7310178997,-79.600453238,Burger Joint
531,York University,43.7743911,-79.5048108539,Booster Juice,43.77333607,-79.50527648,Smoothie Shop
532,York University,43.7743911,-79.5048108539,The Dirty Bird Chicken + Waffles,43.773793,-79.502984,Fried Chicken Joint
533,York University,43.7743911,-79.5048108539,Starbucks Central Square,43.772972,-79.50494,Coffee Shop
534,York University,43.7743911,-79.5048108539,Jimmy the greek,43.77369635,-79.5027814,Greek Restaurant
535,York University,43.7743911,-79.5048108539,Mac's Sushi,43.7738640858,-79.5027346831,Sushi Restaurant
536,York University,43.7743911,-79.5048108539,Freshii,43.7737655018,-79.5051947114,Salad Place
537,York University,43.7743911,-79.5048108539,Central Square Cafeteria,43.7727722334,-79.5046263848,Food Court
538,York University,43.7743911,-79.5048108539,Thai Express,43.7742785213,-79.5019099023,Thai Restaurant
539,York University,43.7743911,-79.5048108539,Wendy's,43.77391,-79.502963,Fast Food Restaurant
540,York University,43.7743911,-79.5048108539,Garo loves food,43.77329,-79.50606,Argentinian Restaurant
541,York University,43.7743911,-79.5048108539,The Underground,43.7737479858,-79.5029672729,Restaurant
542,York University,43.7743911,-79.5048108539,کافه نادری,43.7728538513,-79.5040969849,Cafeteria
543,York University,43.7743911,-79.5048108539,Yogen Früz,43.7737140422,-79.502784104,Frozen Yogurt Shop
544,York University,43.7743911,-79.5048108539,Café Supreme,43.7742622867,-79.502103192,Café
545,York University,43.7743911,-79.5048108539,The Islands Caribbean Restaurant,43.773772,-79.50291,Caribbean Restaurant
546,York University,43.7743911,-79.5048108539,Pizza Pizza,43.7725549077,-79.5046456037,Pizza Place
547,York University,43.7743911,-79.5048108539,Blumont Bistro,43.773786498,-79.5028554896,Café
548,York University,43.7743911,-79.5048108539,Zteca,43.7741635668,-79.501898375,Mexican Restaurant
549,York University,43.7743911,-79.5048108539,Falafel Hut,43.7741125377,-79.501945707,Falafel Restaurant
550,York University,43.7743911,-79.5048108539,La Prep,43.7741681317,-79.5018887698,Restaurant
551,York University,43.7743911,-79.5048108539,Popeye's Louisiana Kitchen,43.7741523219,-79.5018463109,Fried Chicken Joint
552,York University,43.7743911,-79.5048108539,Hero Certified Burgers,43.7742218987,-79.5018063013,Burger Joint
553,York University,43.7743911,-79.5048108539,Sakura,43.7742238815,-79.5017198155,Japanese Restaurant
554,York University,43.7743911,-79.5048108539,Indian Flavour,43.7743278413,-79.5014574837,Indian Restaurant
555,York University,43.7743911,-79.5048108539,Great Canadian Bagel,43.7742846618,-79.501394167,Bagel Shop
556,York University,43.7743911,-79.5048108539,Second Cup,43.7743540041,-79.5012929972,Coffee Shop
557,York University,43.7743911,-79.5048108539,Shopsy's Sports Grill,43.7740821838,-79.5016098022,American Restaurant
558,York University,43.7743911,-79.5048108539,Berries and Blooms,43.7742534576,-79.5015747828,Salad Place
559,York University,43.7743911,-79.5048108539,Graduate Lounge,43.77190844,-79.50411758,Restaurant
560,York University,43.7743911,-79.5048108539,Panzerotto Pizza,43.7738044355,-79.5015925047,Pizza Place
561,York University,43.7743911,-79.5048108539,Tastes,43.7735544049,-79.5015650483,Snack Place
562,York University,43.7743911,-79.5048108539,Pizza Pizza,43.7719438011,-79.5010214101,Pizza Place
563,York University,43.7743911,-79.5048108539,Goodmans LLP Bistro,43.7704321795,-79.5051727471,Snack Place
564,York University,43.7743911,-79.5048108539,Michaelangelo's,43.7709942592,-79.5023063679,Italian Restaurant
565,York University,43.7743911,-79.5048108539,Winters Dining Hall,43.776531162,-79.5024052101,Cafeteria
566,York University,43.7743911,-79.5048108539,The Hive (Seneca),43.7719266115,-79.4996870117,Café
567,York University,43.7743911,-79.5048108539,Tim Hortons (TEL Building),43.773197169,-79.5012922963,Coffee Shop
568,York University,43.7743911,-79.5048108539,M2Go By Mandarin,43.770096,-79.50163,Asian Restaurant
569,York University,43.7743911,-79.5048108539,Timothy's World Coffee,43.7727695598,-79.4988028935,Coffee Shop
570,York University,43.7743911,-79.5048108539,Freshly Squeezed,43.77455,-79.499825,Juice Bar
571,York University,43.7743911,-79.5048108539,Mangia Mangia,43.7745342489,-79.5006150522,Indian Restaurant
572,York University,43.7743911,-79.5048108539,Michaelangelos Narnia,43.7707260012,-79.5022020344,Café
573,York University,43.7743911,-79.5048108539,Grad Cafe,43.77069,-79.508088,Café
574,York University,43.7743911,-79.5048108539,Qoola,43.7731713806,-79.5013453969,Snack Place
575,York University,43.7743911,-79.5048108539,Ivan the Street Meat Guy,43.77453517,-79.4999945291,Food Truck
576,York University,43.7743911,-79.5048108539,Me Va Me Kitchen Express,43.77039,-79.500261,Middle Eastern Restaurant
577,York University,43.7743911,-79.5048108539,Subway,43.770063,-79.501919,Sandwich Place
578,York University,43.7743911,-79.5048108539,Basil Box,43.76976,-79.50186,Asian Restaurant
579,York University,43.7743911,-79.5048108539,Aroma Espresso Bar,43.769918,-79.502217,Coffee Shop
580,York University,43.7743911,-79.5048108539,Starbucks,43.7725168824,-79.5016057327,Coffee Shop
